<?xml version="1.0" encoding="UTF-8"?>
<!-- For assistance related to logback-translator or configuration -->
<!-- files in general, please contact the logback user mailing list -->
<!-- at http://www.qos.ch/mailman/listinfo/logback-user -->
<!-- -->
<!-- For professional support please see -->
<!-- http://www.qos.ch/shop/products/professionalSupport -->
<!-- -->
<configuration scan="true" scanPeriod="10 seconds">
    <springProperty name="contextName" source="spring.application.name"/>
    <property name="log.base" value="${LOG_PATH}/${contextName}"/>
    <!--业务日志-->
    <property name="log.app" value="${log.base}/app"/>


    <appender name="stdout" class="ch.qos.logback.core.ConsoleAppender">
        <layout class="ch.qos.logback.classic.PatternLayout">
            <pattern>%date{yyyy-MM-dd HH:mm:ss:SSS} [%t] %-5level %logger{40} %X{transactionId} - %msg%n
            </pattern>
        </layout>
    </appender>

    <appender name="app" class="ch.qos.logback.core.rolling.RollingFileAppender">
        <File>${log.app}/app.log</File>
        <rollingPolicy class="ch.qos.logback.core.rolling.TimeBasedRollingPolicy">
            <FileNamePattern>
                ${log.app}/app.log.%d{yyyy-MM-dd-HH}.%i
            </FileNamePattern>
            <TimeBasedFileNamingAndTriggeringPolicy
                    class="ch.qos.logback.core.rolling.SizeAndTimeBasedFNATP">
                <MaxFileSize>5MB</MaxFileSize>
            </TimeBasedFileNamingAndTriggeringPolicy>
        </rollingPolicy>
        <encoder>
            <Pattern>%date{yyyy-MM-dd HH:mm:ss:SSS} [%t] %-5level [%logger{0} ] %X{transactionId} - %msg%n</Pattern>
            <charset>UTF-8</charset>
        </encoder>
    </appender>


    <!--
    name:用来指定受此loger约束的某一个包或者具体的某一个类。
    level:用来设置打印级别（日志级别），大小写无关：TRACE, DEBUG, INFO, WARN, ERROR, ALL 和 OFF，还有一个特俗值INHERITED或者同义词NULL，代表强制执行上级的级别。如果未设置此属性，那么当前loger将会继承上级的级别。
    addtivity:是否向上级loger传递打印信息。默认是true。
    -->
    <logger name="com.alibaba" level="WARN"/>
    <logger name="org.springframework"/>
    <logger name="com.baidu"/>
    <logger name="org.apache"/>
    <logger name="org.dozer"/>
    <logger name="org.mybatis"/>


    <!--
    level:用来设置打印级别，大小写无关：TRACE, DEBUG, INFO, WARN, ERROR, ALL 和 OFF，不能设置为INHERITED或者同义词NULL。默认是DEBUG。
    root接到下级传递的信息，交给已经配置好的名为“STDOUT”的appender处理
    -->
    <root level="INFO">
        <appender-ref ref="app"/>
    </root>

</configuration>